park_id,park_name,ha,latitude,longitude,st_point,description,nature_count,art_count,urban_count,task_richness_score,category_diversity_score,richness_score_norm,area_score,park_suitability_score,feature_summary
1,Alexandra Gardens,5.7493,-37.82140175342995,144.97338326664902,POINT(144.97338326664902 -37.82140175342995),"Alexandra Gardens is a public park in Melbourne, Melbourne.",3.0,0.0,0.0,3.0,0.333,0.3,0.5749299999999999,0.365,This park contains 3 nature features.
2,Alexandra Park,4.8691,-37.824079314048966,144.9774328963564,POINT(144.9774328963564 -37.824079314048966),"Alexandra Park is a public park in Melbourne, Melbourne.",0.0,1.0,0.0,1.0,0.333,0.1,0.48691000000000006,0.247,This park contains 1 art features.
3,Argyle Square,1.3297,-37.80274045819908,144.96583511130223,POINT(144.96583511130225 -37.802740458199075),"Argyle Square is a public park in Melbourne, Melbourne.",2.0,1.0,0.0,3.0,0.667,0.3,0.13297,0.377,"This park contains 2 nature features, 1 art features."
4,Auckland Lane Reserve,0.0323,-37.77798700546881,144.9389399141761,POINT(144.9389399141761 -37.77798700546881),"Auckland Lane Reserve is a public park in Melbourne, Melbourne.",0.0,0.0,0.0,0.0,0.0,0.0,0.0032300000000000002,0.001,No matched task features in this park yet.
5,Batman Park,1.4328,-37.82178529606905,144.9566130685186,POINT(144.9566130685186 -37.82178529606905),"Batman Park is a public park in Melbourne, Melbourne.",1.0,0.0,0.0,1.0,0.333,0.1,0.14328000000000002,0.179,This park contains 1 nature features.
6,Bayswater Road Park,0.2711,-37.79374099588292,144.9237698641406,POINT(144.9237698641406 -37.79374099588292),"Bayswater Road Park is a public park in Melbourne, Melbourne.",1.0,0.0,0.0,1.0,0.333,0.1,0.027110000000000002,0.155,This park contains 1 nature features.
7,Bedford Street Reserve,0.0997,-37.80281461224497,144.9555073658568,POINT(144.9555073658568 -37.80281461224497),"Bedford Street Reserve is a public park in Melbourne, Melbourne.",1.0,0.0,0.0,1.0,0.333,0.1,0.00997,0.152,This park contains 1 nature features.
8,Birrarung Marr,8.1119,-37.81890622464687,144.9738236456279,POINT(144.9738236456279 -37.81890622464687),"Birrarung Marr is a public park in Melbourne, Melbourne.",4.0,6.0,0.0,10.0,0.667,1.0,0.8111900000000001,0.862,"This park contains 4 nature features, 6 art features."
9,Buluk Park,0.3797,-37.82039079299272,144.94071832919877,POINT(144.94071832919875 -37.82039079299272),"Buluk Park is a public park in Melbourne, Melbourne.",3.0,0.0,0.0,3.0,0.333,0.3,0.03797,0.257,This park contains 3 nature features.
10,Burston Reserve,0.1894,-37.81142044443343,144.97522970425274,POINT(144.97522970425274 -37.81142044443343),"Burston Reserve is a public park in Melbourne, Melbourne.",0.0,0.0,0.0,0.0,0.0,0.0,0.018940000000000002,0.004,No matched task features in this park yet.
11,Canning & Neill Street Reserve,0.1897,-37.79314944767447,144.97410414772014,POINT(144.97410414772014 -37.79314944767447),"Canning & Neill Street Reserve is a public park in Melbourne, Melbourne.",0.0,0.0,0.0,0.0,0.0,0.0,0.01897,0.004,No matched task features in this park yet.
12,Canning & Palmerston Street Reserve,0.0405,-37.79631051100726,144.9728447048824,POINT(144.9728447048824 -37.79631051100726),"Canning & Palmerston Street Reserve is a public park in Melbourne, Melbourne.",0.0,0.0,0.0,0.0,0.0,0.0,0.00405,0.001,No matched task features in this park yet.
13,Canning Street & Macaulay Road Reserve,0.1764,-37.79579442506432,144.93976667764875,POINT(144.93976667764875 -37.795794425064315),"Canning Street & Macaulay Road Reserve is a public park in Melbourne, Melbourne.",1.0,0.0,0.0,1.0,0.333,0.1,0.01764,0.153,This park contains 1 nature features.
14,Carlton Gardens North,7.1167,-37.80196385653347,144.97195227866774,POINT(144.97195227866774 -37.80196385653347),"Carlton Gardens North is a public park in Melbourne, Melbourne.",13.0,0.0,0.0,13.0,0.333,1.0,0.71167,0.742,This park contains 13 nature features.
15,Carlton Gardens South,8.8109,-37.80629946165889,144.97123206483835,POINT(144.97123206483835 -37.80629946165889),"Carlton Gardens South is a public park in Melbourne, Melbourne.",10.0,2.0,0.0,12.0,0.667,1.0,0.88109,0.876,"This park contains 10 nature features, 2 art features."
16,Carrangall Place Reserve,0.0405,-37.7798323440471,144.94124178055557,POINT(144.94124178055557 -37.7798323440471),"Carrangall Place Reserve is a public park in Melbourne, Melbourne.",0.0,0.0,0.0,0.0,0.0,0.0,0.00405,0.001,No matched task features in this park yet.
17,Chapman Street Reserve,0.1437,-37.798205012027765,144.95058555916913,POINT(144.95058555916913 -37.798205012027765),"Chapman Street Reserve is a public park in Melbourne, Melbourne.",0.0,0.0,0.0,0.0,0.0,0.0,0.014369999999999999,0.003,No matched task features in this park yet.
18,Childrens Garden Area,0.4407,-37.8303954534704,144.97646065429277,POINT(144.97646065429277 -37.8303954534704),"Childrens Garden Area is a public park in Melbourne, Melbourne.",0.0,0.0,0.0,0.0,0.0,0.0,0.04407,0.009,No matched task features in this park yet.
19,City Road Park,0.0275,-37.825413565250585,144.96037071212012,POINT(144.96037071212012 -37.825413565250585),"City Road Park is a public park in Melbourne, Melbourne.",0.0,0.0,0.0,0.0,0.0,0.0,0.00275,0.001,No matched task features in this park yet.
20,City Square,0.3003,-37.815934544174816,144.96710537124827,POINT(144.96710537124827 -37.815934544174816),"City Square is a public park in Melbourne, Melbourne.",0.0,2.0,0.0,2.0,0.333,0.2,0.03003,0.206,This park contains 2 art features.
21,Clayton Reserve,0.6514,-37.79636038764831,144.9391173758192,POINT(144.9391173758192 -37.79636038764831),"Clayton Reserve is a public park in Melbourne, Melbourne.",0.0,1.0,0.0,1.0,0.333,0.1,0.06514,0.163,This park contains 1 art features.
22,Cook Street Reserve,0.0476,-37.82219999184765,144.96444126239587,POINT(144.96444126239587 -37.82219999184765),"Cook Street Reserve is a public park in Melbourne, Melbourne.",0.0,0.0,0.0,0.0,0.0,0.0,0.00476,0.001,No matched task features in this park yet.
23,Courtney Street Reserve,0.0456,-37.803529002556566,144.95587275751444,POINT(144.95587275751444 -37.803529002556566),"Courtney Street Reserve is a public park in Melbourne, Melbourne.",0.0,0.0,0.0,0.0,0.0,0.0,0.00456,0.001,No matched task features in this park yet.
24,Curzon Street Reserve,0.0252,-37.79860394137543,144.94918789092188,POINT(144.94918789092188 -37.798603941375426),"Curzon Street Reserve is a public park in Melbourne, Melbourne.",0.0,0.0,0.0,0.0,0.0,0.0,0.00252,0.001,No matched task features in this park yet.
25,Customs Square,0.1258,-37.81982116296166,144.96073989376808,POINT(144.96073989376808 -37.81982116296166),"Customs Square is a public park in Melbourne, Melbourne.",0.0,0.0,0.0,0.0,0.0,0.0,0.01258,0.003,No matched task features in this park yet.
26,Darling Square,0.8191,-37.8128257285346,144.98909104709094,POINT(144.98909104709094 -37.8128257285346),"Darling Square is a public park in Melbourne, Melbourne.",1.0,0.0,0.0,1.0,0.333,0.1,0.08191000000000001,0.166,This park contains 1 nature features.
27,Docklands Park,2.2288,-37.82080097716886,144.9467115304261,POINT(144.9467115304261 -37.82080097716886),"Docklands Park is a public park in Melbourne, Melbourne.",4.0,2.0,0.0,6.0,0.667,0.6,0.22288000000000002,0.545,"This park contains 4 nature features, 2 art features."
28,Dynon Road Nature Reserve,0.0082,-37.80158951646487,144.91368302408446,POINT(144.91368302408446 -37.801589516464865),"Dynon Road Nature Reserve is a public park in Melbourne, Melbourne.",0.0,0.0,0.0,0.0,0.0,0.0,0.0008200000000000001,0.0,No matched task features in this park yet.
29,Eades Park,0.7108,-37.80723061432889,144.95147882918252,POINT(144.95147882918252 -37.80723061432889),"Eades Park is a public park in Melbourne, Melbourne.",1.0,0.0,0.0,1.0,0.333,0.1,0.07108,0.164,This park contains 1 nature features.
30,Eight Hour Reserve,0.1406,-37.80730644775974,144.9655234292752,POINT(144.9655234292752 -37.80730644775974),"Eight Hour Reserve is a public park in Melbourne, Melbourne.",0.0,1.0,0.0,1.0,0.333,0.1,0.01406,0.153,This park contains 1 art features.
31,Enterprize Park,0.9008,-37.82031035351093,144.95944133760204,POINT(144.95944133760204 -37.82031035351093),"Enterprize Park is a public park in Melbourne, Melbourne.",1.0,2.0,0.0,3.0,0.667,0.3,0.09008000000000001,0.368,"This park contains 1 nature features, 2 art features."
32,Errol Street Reserve,0.4911,-37.79953775378882,144.95044993241362,POINT(144.95044993241362 -37.79953775378882),"Errol Street Reserve is a public park in Melbourne, Melbourne.",0.0,0.0,0.0,0.0,0.0,0.0,0.04911,0.01,No matched task features in this park yet.
33,Eureka Reserve,0.0455,-37.82135319653195,144.9648893380308,POINT(144.9648893380308 -37.82135319653195),"Eureka Reserve is a public park in Melbourne, Melbourne.",0.0,0.0,0.0,0.0,0.0,0.0,0.00455,0.001,No matched task features in this park yet.
34,Exhibition Street Reserve,0.0252,-37.80750172286748,144.9685926811436,POINT(144.9685926811436 -37.80750172286748),"Exhibition Street Reserve is a public park in Melbourne, Melbourne.",0.0,1.0,0.0,1.0,0.333,0.1,0.00252,0.15,This park contains 1 art features.
35,Fawkner Park,41.1885,-37.84103061438385,144.98174178026838,POINT(144.98174178026838 -37.84103061438385),"Fawkner Park is a public park in Melbourne, Melbourne.",21.0,0.0,0.0,21.0,0.333,1.0,1.0,0.8,This park contains 21 nature features.
36,Fitzroy Gardens,26.2848,-37.81296164888416,144.98045579973143,POINT(144.98045579973143 -37.81296164888416),"Fitzroy Gardens is a public park in Melbourne, Melbourne.",13.0,18.0,1.0,32.0,1.0,1.0,1.0,1.0,"This park contains 13 nature features, 18 art features, 1 urban discovery features."
37,Flagstaff Gardens,7.3521,-37.81045611438672,144.95443421269437,POINT(144.95443421269437 -37.81045611438672),"Flagstaff Gardens is a public park in Melbourne, Melbourne.",17.0,4.0,0.0,21.0,0.667,1.0,0.73521,0.847,"This park contains 17 nature features, 4 art features."
38,Flinders & Spencer Street Reserve,0.0464,-37.82091122130184,144.95468046329796,POINT(144.95468046329796 -37.820911221301834),"Flinders & Spencer Street Reserve is a public park in Melbourne, Melbourne.",0.0,0.0,0.0,0.0,0.0,0.0,0.00464,0.001,No matched task features in this park yet.
39,Galada Avenue Reserve,1.333,-37.780026876933206,144.9401384374531,POINT(144.9401384374531 -37.780026876933206),"Galada Avenue Reserve is a public park in Melbourne, Melbourne.",0.0,0.0,0.0,0.0,0.0,0.0,0.1333,0.027,No matched task features in this park yet.
40,Gardiner Reserve,0.5287999999999999,-37.79911492064341,144.94373392032597,POINT(144.94373392032597 -37.79911492064341),"Gardiner Reserve is a public park in Melbourne, Melbourne.",2.0,0.0,0.0,2.0,0.333,0.2,0.052879999999999996,0.21,This park contains 2 nature features.
41,Garrard St Reserve,0.1159,-37.779227177570114,144.9419885988235,POINT(144.9419885988235 -37.779227177570114),"Garrard St Reserve is a public park in Melbourne, Melbourne.",0.0,0.0,0.0,0.0,0.0,0.0,0.01159,0.002,No matched task features in this park yet.
42,Gillott Reserve/Tianjin Gardens,0.1652,-37.80979527931674,144.97250183418475,POINT(144.97250183418475 -37.80979527931674),"Gillott Reserve/Tianjin Gardens is a public park in Melbourne, Melbourne.",0.0,0.0,0.0,0.0,0.0,0.0,0.01652,0.003,No matched task features in this park yet.
43,Golden Elm Reserve,0.0756,-37.83069805971408,144.9875326894813,POINT(144.9875326894813 -37.83069805971408),"Golden Elm Reserve is a public park in Melbourne, Melbourne.",1.0,0.0,0.0,1.0,0.333,0.1,0.00756,0.151,This park contains 1 nature features.
44,Gordon Reserve,0.3776,-37.81230515005907,144.9740235456232,POINT(144.9740235456232 -37.81230515005907),"Gordon Reserve is a public park in Melbourne, Melbourne.",0.0,3.0,0.0,3.0,0.333,0.3,0.03776,0.257,This park contains 3 art features.
45,Goschs Paddock,0.4149,-37.82803187471889,144.98778107775814,POINT(144.98778107775814 -37.82803187471889),"Goschs Paddock is a public park in Melbourne, Melbourne.",0.0,0.0,0.0,0.0,0.0,0.0,0.04149,0.008,No matched task features in this park yet.
46,Grant Street Playground Reserve,0.0027,-37.825987222895535,144.96838210272202,POINT(144.96838210272202 -37.825987222895535),"Grant Street Playground Reserve is a public park in Melbourne, Melbourne.",0.0,0.0,0.0,0.0,0.0,0.0,0.00027,0.0,No matched task features in this park yet.
47,Grant Street Reserve,0.254,-37.82589054117261,144.96858343929145,POINT(144.96858343929145 -37.82589054117261),"Grant Street Reserve is a public park in Melbourne, Melbourne.",7.0,0.0,0.0,7.0,0.333,0.7,0.0254,0.455,This park contains 7 nature features.
48,Hardy Reserve,0.9723,-37.78539834688024,144.96646306665653,POINT(144.96646306665653 -37.78539834688024),"Hardy Reserve is a public park in Melbourne, Melbourne.",0.0,1.0,0.0,1.0,0.333,0.1,0.09723000000000001,0.169,This park contains 1 art features.
49,Hawke & Adderley Street Park,0.0812,-37.80864899566088,144.94487688627024,POINT(144.94487688627024 -37.80864899566088),"Hawke & Adderley Street Park is a public park in Melbourne, Melbourne.",1.0,0.0,0.0,1.0,0.333,0.1,0.008119999999999999,0.152,This park contains 1 nature features.
50,Hawke & Curzon Street Reserve,0.1274,-37.80607888722599,144.94768448942233,POINT(144.94768448942233 -37.806078887225986),"Hawke & Curzon Street Reserve is a public park in Melbourne, Melbourne.",0.0,0.0,0.0,0.0,0.0,0.0,0.012740000000000001,0.003,No matched task features in this park yet.
51,Hawke & King Street Reserve,0.0573,-37.80545871327271,144.9490907138995,POINT(144.94909071389947 -37.80545871327271),"Hawke & King Street Reserve is a public park in Melbourne, Melbourne.",0.0,0.0,0.0,0.0,0.0,0.0,0.00573,0.001,No matched task features in this park yet.
52,Howard & William Street Reserve,0.1848,-37.80644297476642,144.9536077648639,POINT(144.9536077648639 -37.80644297476642),"Howard & William Street Reserve is a public park in Melbourne, Melbourne.",3.0,0.0,0.0,3.0,0.333,0.3,0.01848,0.254,This park contains 3 nature features.
53,Ievers Reserve,1.3659,-37.79596002174714,144.95316601448351,POINT(144.95316601448351 -37.79596002174714),"Ievers Reserve is a public park in Melbourne, Melbourne.",2.0,0.0,0.0,2.0,0.333,0.2,0.13659,0.227,This park contains 2 nature features.
54,J J Holland Park,1.2166,-37.79707476394773,144.92438602686423,POINT(144.92438602686423 -37.797074763947734),"J J Holland Park is a public park in Melbourne, Melbourne.",0.0,1.0,0.0,1.0,0.333,0.1,0.12165999999999999,0.174,This park contains 1 art features.
55,Jolimont Reserve,0.8801,-37.81640436890003,144.9807712969875,POINT(144.9807712969875 -37.81640436890003),"Jolimont Reserve is a public park in Melbourne, Melbourne.",0.0,0.0,0.0,0.0,0.0,0.0,0.08801,0.018,No matched task features in this park yet.
56,Kensington Banks Small Reserves,2.0101,-37.79427780034455,144.9214818692829,POINT(144.9214818692829 -37.794277800344545),"Kensington Banks Small Reserves is a public park in Melbourne, Melbourne.",4.0,0.0,0.0,4.0,0.333,0.4,0.20101,0.34,This park contains 4 nature features.
57,Kensington Community Gardens,0.1458,-37.7937178820449,144.9206172099037,POINT(144.9206172099037 -37.7937178820449),"Kensington Community Gardens is a public park in Melbourne, Melbourne.",0.0,0.0,0.0,0.0,0.0,0.0,0.014580000000000001,0.003,No matched task features in this park yet.
58,Kensington Hall Reserve,0.2754,-37.788573391106304,144.92855730197022,POINT(144.92855730197022 -37.788573391106304),"Kensington Hall Reserve is a public park in Melbourne, Melbourne.",0.0,0.0,0.0,0.0,0.0,0.0,0.02754,0.006,No matched task features in this park yet.
59,Kensington Hall Reserve Parklands,0.2204,-37.78905734947679,144.92840535320124,POINT(144.92840535320124 -37.78905734947679),"Kensington Hall Reserve Parklands is a public park in Melbourne, Melbourne.",0.0,0.0,0.0,0.0,0.0,0.0,0.02204,0.004,No matched task features in this park yet.
60,King & Victoria Street Reserve,0.0472,-37.80518658385143,144.9486282062408,POINT(144.9486282062408 -37.80518658385143),"King & Victoria Street Reserve is a public park in Melbourne, Melbourne.",0.0,0.0,0.0,0.0,0.0,0.0,0.00472,0.001,No matched task features in this park yet.
61,Kings Domain South,8.614900000000002,-37.83235104377268,144.978420348584,POINT(144.978420348584 -37.832351043772675),"Kings Domain South is a public park in Melbourne, Melbourne.",9.0,0.0,0.0,9.0,0.333,0.9,0.8614900000000002,0.722,This park contains 9 nature features.
62,Kings Domain South (Latrobe Cottage and Herring Oval),4.0339,-37.83179958424393,144.9755453802536,POINT(144.9755453802536 -37.83179958424393),"Kings Domain South (Latrobe Cottage and Herring Oval) is a public park in Melbourne, Melbourne.",0.0,0.0,0.0,0.0,0.0,0.0,0.40339,0.081,No matched task features in this park yet.
63,Kings Domain South (Monash and Malta Monuments),2.2175,-37.82836776871248,144.97402636241267,POINT(144.97402636241267 -37.828367768712475),"Kings Domain South (Monash and Malta Monuments) is a public park in Melbourne, Melbourne.",0.0,3.0,0.0,3.0,0.333,0.3,0.22174999999999997,0.294,This park contains 3 art features.
64,La Trobe Cottage & Gardens,0.1079,-37.83025929800534,144.97638067070284,POINT(144.97638067070284 -37.83025929800534),"La Trobe Cottage & Gardens is a public park in Melbourne, Melbourne.",0.0,0.0,0.0,0.0,0.0,0.0,0.01079,0.002,No matched task features in this park yet.
65,Leveson Street Reserve,0.1067999999999999,-37.80056827479672,144.95164467354908,POINT(144.95164467354908 -37.80056827479672),"Leveson Street Reserve is a public park in Melbourne, Melbourne.",1.0,0.0,0.0,1.0,0.333,0.1,0.01067999999999999,0.152,This park contains 1 nature features.
66,Liddy Street Reserve,0.1229,-37.78999131490741,144.92560479542126,POINT(144.92560479542126 -37.78999131490741),"Liddy Street Reserve is a public park in Melbourne, Melbourne.",0.0,0.0,0.0,0.0,0.0,0.0,0.012289999999999999,0.002,No matched task features in this park yet.
67,Lincoln Square,1.3262,-37.80241987242336,144.96288072706884,POINT(144.96288072706884 -37.802419872423364),"Lincoln Square is a public park in Melbourne, Melbourne.",2.0,1.0,0.0,3.0,0.667,0.3,0.13262000000000002,0.377,"This park contains 2 nature features, 1 art features."
68,Linlithgow Avenue Reserve (East),0.1284,-37.82192187729057,144.9740564590187,POINT(144.9740564590187 -37.82192187729057),"Linlithgow Avenue Reserve (East) is a public park in Melbourne, Melbourne.",0.0,0.0,0.0,0.0,0.0,0.0,0.012839999999999999,0.003,No matched task features in this park yet.
69,Linlithgow Avenue Reserve (West),0.0481,-37.82318533525157,144.97114370468458,POINT(144.97114370468458 -37.82318533525157),"Linlithgow Avenue Reserve (West) is a public park in Melbourne, Melbourne.",0.0,0.0,0.0,0.0,0.0,0.0,0.00481,0.001,No matched task features in this park yet.
70,Macarthur Square,0.3594,-37.79836598681039,144.97156683139983,POINT(144.97156683139985 -37.79836598681039),"Macarthur Square is a public park in Melbourne, Melbourne.",1.0,1.0,0.0,2.0,0.667,0.2,0.03594,0.307,"This park contains 1 nature features, 1 art features."
71,Manchester Lane Reserve,0.0389,-37.77749102319447,144.93859417043114,POINT(144.93859417043114 -37.77749102319447),"Manchester Lane Reserve is a public park in Melbourne, Melbourne.",0.0,0.0,0.0,0.0,0.0,0.0,0.00389,0.001,No matched task features in this park yet.
72,Marquis of Linlithgow Memorial Reserve,0.2347,-37.82666548745958,144.97185594109587,POINT(144.97185594109587 -37.82666548745958),"Marquis of Linlithgow Memorial Reserve is a public park in Melbourne, Melbourne.",0.0,1.0,0.0,1.0,0.333,0.1,0.023469999999999998,0.155,This park contains 1 art features.
73,Merritts Place Reserve,0.0322,-37.81472347566445,144.95554302164828,POINT(144.95554302164828 -37.814723475664444),"Merritts Place Reserve is a public park in Melbourne, Melbourne.",0.0,0.0,0.0,0.0,0.0,0.0,0.0032199999999999998,0.001,No matched task features in this park yet.
74,Miles & Dodds Street Reserve,0.0586,-37.828688447323735,144.9673607078645,POINT(144.9673607078645 -37.828688447323735),"Miles & Dodds Street Reserve is a public park in Melbourne, Melbourne.",2.0,0.0,0.0,2.0,0.333,0.2,0.00586,0.201,This park contains 2 nature features.
75,Miller Street Park,0.0273,-37.805640369025085,144.94270024498627,POINT(144.94270024498627 -37.805640369025085),"Miller Street Park is a public park in Melbourne, Melbourne.",0.0,0.0,0.0,0.0,0.0,0.0,0.0027300000000000002,0.001,No matched task features in this park yet.
76,Murchison Square,0.3767,-37.80021397675526,144.9730698062318,POINT(144.9730698062318 -37.80021397675526),"Murchison Square is a public park in Melbourne, Melbourne.",2.0,0.0,0.0,2.0,0.333,0.2,0.037669999999999995,0.207,This park contains 2 nature features.
77,Neill Street Reserve,1.0315,-37.79536286569292,144.9694670481789,POINT(144.9694670481789 -37.79536286569292),"Neill Street Reserve is a public park in Melbourne, Melbourne.",0.0,0.0,0.0,0.0,0.0,0.0,0.10315,0.021,No matched task features in this park yet.
78,North Melbourne Community Centre,1.1858,-37.79299594492714,144.93992175109076,POINT(144.93992175109076 -37.79299594492714),"North Melbourne Community Centre is a public park in Melbourne, Melbourne.",2.0,0.0,0.0,2.0,0.333,0.2,0.11857999999999999,0.224,This park contains 2 nature features.
79,Park Street Gardens - Parkville,0.0782,-37.77611796481413,144.9425908684272,POINT(144.9425908684272 -37.776117964814134),"Park Street Gardens - Parkville is a public park in Melbourne, Melbourne.",0.0,0.0,0.0,0.0,0.0,0.0,0.00782,0.002,No matched task features in this park yet.
80,Park Street Reserve,0.2714,-37.77582899348502,144.94141991078666,POINT(144.94141991078666 -37.77582899348502),"Park Street Reserve is a public park in Melbourne, Melbourne.",0.0,0.0,0.0,0.0,0.0,0.0,0.027139999999999997,0.005,No matched task features in this park yet.
81,Parkville Gardens,0.6791,-37.7777415244049,144.93998206556316,POINT(144.93998206556316 -37.7777415244049),"Parkville Gardens is a public park in Melbourne, Melbourne.",0.0,0.0,0.0,0.0,0.0,0.0,0.06791,0.014,No matched task features in this park yet.
82,Parkville Ornamental Plantation,0.1167,-37.78883587693899,144.95746601324595,POINT(144.95746601324595 -37.78883587693899),"Parkville Ornamental Plantation is a public park in Melbourne, Melbourne.",0.0,0.0,0.0,0.0,0.0,0.0,0.01167,0.002,No matched task features in this park yet.
83,Parliament Gardens,0.7328,-37.809825933036365,144.97349687326735,POINT(144.97349687326735 -37.809825933036365),"Parliament Gardens is a public park in Melbourne, Melbourne.",1.0,2.0,0.0,3.0,0.667,0.3,0.07328,0.365,"This park contains 1 nature features, 2 art features."
84,Parliament Place,0.0638,-37.81163640745987,144.9758621028956,POINT(144.9758621028956 -37.81163640745987),"Parliament Place is a public park in Melbourne, Melbourne.",0.0,0.0,0.0,0.0,0.0,0.0,0.006379999999999999,0.001,No matched task features in this park yet.
85,Parsons Street Reserve,0.1543,-37.79011636021723,144.9311223057085,POINT(144.9311223057085 -37.79011636021723),"Parsons Street Reserve is a public park in Melbourne, Melbourne.",0.0,0.0,0.0,0.0,0.0,0.0,0.01543,0.003,No matched task features in this park yet.
86,Peppercorn Park,0.2251999999999999,-37.79251349397923,144.92266471658183,POINT(144.92266471658183 -37.79251349397923),"Peppercorn Park is a public park in Melbourne, Melbourne.",0.0,0.0,0.0,0.0,0.0,0.0,0.02251999999999999,0.005,No matched task features in this park yet.
87,Pleasance Gardens,0.3683,-37.79634612229423,144.94565808483594,POINT(144.94565808483594 -37.79634612229423),"Pleasance Gardens is a public park in Melbourne, Melbourne.",0.0,0.0,0.0,0.0,0.0,0.0,0.03683,0.007,No matched task features in this park yet.
88,Point Park,1.0143,-37.82338140618046,144.94213176228203,POINT(144.94213176228203 -37.82338140618046),"Point Park is a public park in Melbourne, Melbourne.",1.0,0.0,0.0,1.0,0.333,0.1,0.10142999999999999,0.17,This park contains 1 nature features.
89,Powlett Reserve,1.8406,-37.811395015732415,144.98727212939656,POINT(144.98727212939656 -37.811395015732415),"Powlett Reserve is a public park in Melbourne, Melbourne.",1.0,0.0,0.0,1.0,0.333,0.1,0.18406,0.187,This park contains 1 nature features.
90,Princes Park,0.7131,-37.77993522382766,144.96147887616942,POINT(144.96147887616942 -37.77993522382766),"Princes Park is a public park in Melbourne, Melbourne.",0.0,0.0,0.0,0.0,0.0,0.0,0.07131,0.014,No matched task features in this park yet.
91,Quay Park,0.1652,-37.81570047865484,144.93749810906596,POINT(144.93749810906596 -37.81570047865484),"Quay Park is a public park in Melbourne, Melbourne.",1.0,0.0,0.0,1.0,0.333,0.1,0.01652,0.153,This park contains 1 nature features.
92,Queen Victoria Gardens,0.6145,-37.82180994476816,144.97198674338154,POINT(144.97198674338154 -37.82180994476816),"Queen Victoria Gardens is a public park in Melbourne, Melbourne.",0.0,0.0,0.0,0.0,0.0,0.0,0.061450000000000005,0.012,No matched task features in this park yet.
93,Queen Victoria Gardens & Memorial Statue,4.2407,-37.82189460768603,144.97108137630903,POINT(144.97108137630903 -37.82189460768603),"Queen Victoria Gardens & Memorial Statue is a public park in Melbourne, Melbourne.",5.0,12.0,0.0,17.0,0.667,1.0,0.42407000000000006,0.785,"This park contains 5 nature features, 12 art features."
94,Railway Place & Miller Street Reserve,0.2749,-37.80551831709384,144.94155959115193,POINT(144.94155959115193 -37.805518317093835),"Railway Place & Miller Street Reserve is a public park in Melbourne, Melbourne.",0.0,0.0,0.0,0.0,0.0,0.0,0.027489999999999997,0.005,No matched task features in this park yet.
95,Railway Viewing Platform,0.0111,-37.80882028736457,144.94368330159398,POINT(144.94368330159398 -37.80882028736457),"Railway Viewing Platform is a public park in Melbourne, Melbourne.",0.0,1.0,0.0,1.0,0.333,0.1,0.00111,0.15,This park contains 1 art features.
96,River Esplanade,1.2212,-37.82431511406956,144.9455253889619,POINT(144.9455253889619 -37.824315114069556),"River Esplanade is a public park in Melbourne, Melbourne.",0.0,0.0,0.0,0.0,0.0,0.0,0.12212,0.024,No matched task features in this park yet.
97,Riverside Park,0.2598,-37.79515950504673,144.91686757199585,POINT(144.91686757199585 -37.79515950504673),"Riverside Park is a public park in Melbourne, Melbourne.",0.0,0.0,0.0,0.0,0.0,0.0,0.025979999999999996,0.005,No matched task features in this park yet.
98,Robertson Street Reserve,0.09,-37.793200304780456,144.93236015991985,POINT(144.93236015991985 -37.793200304780456),"Robertson Street Reserve is a public park in Melbourne, Melbourne.",0.0,0.0,0.0,0.0,0.0,0.0,0.009,0.002,No matched task features in this park yet.
99,Royal Botanic Gardens - Melbourne,37.9624,-37.83016827216869,144.98042903058655,POINT(144.98042903058655 -37.83016827216869),"Royal Botanic Gardens - Melbourne is a public park in Melbourne, Melbourne.",1.0,0.0,0.0,1.0,0.333,0.1,1.0,0.35,This park contains 1 nature features.
100,Royal College Of Surgeons Gardens,0.6157,-37.80859647041941,144.97236009444077,POINT(144.97236009444075 -37.80859647041941),"Royal College Of Surgeons Gardens is a public park in Melbourne, Melbourne.",0.0,0.0,0.0,0.0,0.0,0.0,0.06157,0.012,No matched task features in this park yet.
101,Royal Park,83.8235,-37.78922077121199,144.9497571609021,POINT(144.9497571609021 -37.78922077121199),"Royal Park is a public park in Melbourne, Melbourne.",12.0,2.0,0.0,14.0,0.667,1.0,1.0,0.9,"This park contains 12 nature features, 2 art features."
102,Royal Park Parkland,1.7068,-37.78872162577019,144.95534638222264,POINT(144.95534638222264 -37.78872162577019),"Royal Park Parkland is a public park in Melbourne, Melbourne.",0.0,0.0,0.0,0.0,0.0,0.0,0.17068,0.034,No matched task features in this park yet.
103,Royal Park Wetlands,0.0924,-37.78353831450891,144.940331066586,POINT(144.940331066586 -37.78353831450891),"Royal Park Wetlands is a public park in Melbourne, Melbourne.",0.0,0.0,0.0,0.0,0.0,0.0,0.00924,0.002,No matched task features in this park yet.
104,Royal Park Wetlands and Bushland,7.6709,-37.783148083782656,144.94466927730792,POINT(144.94466927730792 -37.783148083782656),"Royal Park Wetlands and Bushland is a public park in Melbourne, Melbourne.",0.0,0.0,0.0,0.0,0.0,0.0,0.7670899999999999,0.153,No matched task features in this park yet.
105,Royal Society of Victoria,0.2253,-37.80768445178654,144.96923061543575,POINT(144.96923061543575 -37.80768445178654),"Royal Society of Victoria is a public park in Melbourne, Melbourne.",0.0,0.0,0.0,0.0,0.0,0.0,0.02253,0.005,No matched task features in this park yet.
106,Scots Church,0.0048,-37.81476688114558,144.96840782979632,POINT(144.96840782979632 -37.81476688114558),"Scots Church is a public park in Melbourne, Melbourne.",0.0,1.0,0.0,1.0,0.333,0.1,0.00047999999999999996,0.15,This park contains 1 art features.
107,Seafarers Rest,0.3551,-37.82295423579053,144.95143151976364,POINT(144.95143151976364 -37.82295423579053),"Seafarers Rest is a public park in Melbourne, Melbourne.",0.0,0.0,0.0,0.0,0.0,0.0,0.03551,0.007,No matched task features in this park yet.
108,Shepherd Bridge Reserve,0.2717,-37.80550188575512,144.9083711317109,POINT(144.9083711317109 -37.80550188575512),"Shepherd Bridge Reserve is a public park in Melbourne, Melbourne.",0.0,0.0,0.0,0.0,0.0,0.0,0.02717,0.005,No matched task features in this park yet.
109,Shrine of Remembrance Reserve,13.0001,-37.83039407493965,144.9730683791196,POINT(144.9730683791196 -37.83039407493965),"Shrine of Remembrance Reserve is a public park in Melbourne, Melbourne.",5.0,2.0,1.0,8.0,1.0,0.8,1.0,0.9,"This park contains 5 nature features, 2 art features, 1 urban discovery features."
110,Spencer Street Plaza,0.0884,-37.81939853832556,144.95388769004333,POINT(144.95388769004333 -37.81939853832556),"Spencer Street Plaza is a public park in Melbourne, Melbourne.",0.0,0.0,0.0,0.0,0.0,0.0,0.00884,0.002,No matched task features in this park yet.
111,St Andrews Place Reserve,0.0945,-37.81230600515335,144.97755665221544,POINT(144.97755665221544 -37.812306005153346),"St Andrews Place Reserve is a public park in Melbourne, Melbourne.",0.0,0.0,0.0,0.0,0.0,0.0,0.00945,0.002,No matched task features in this park yet.
112,St Augustines Church,0.0706,-37.81691168554512,144.95491345137188,POINT(144.95491345137188 -37.816911685545115),"St Augustines Church is a public park in Melbourne, Melbourne.",0.0,0.0,0.0,0.0,0.0,0.0,0.0070599999999999994,0.001,No matched task features in this park yet.
113,St Marys,0.0136,-37.80584910057595,144.9534360503015,POINT(144.9534360503015 -37.80584910057595),"St Marys is a public park in Melbourne, Melbourne.",0.0,0.0,0.0,0.0,0.0,0.0,0.0013599999999999999,0.0,No matched task features in this park yet.
114,St Marys Church,0.0956,-37.80601912823117,144.9532153456881,POINT(144.9532153456881 -37.80601912823117),"St Marys Church is a public park in Melbourne, Melbourne.",0.0,0.0,0.0,0.0,0.0,0.0,0.00956,0.002,No matched task features in this park yet.
115,Stapely Parade Reserve,3.0381,-37.8259582208074,144.98191104194032,POINT(144.98191104194032 -37.8259582208074),"Stapely Parade Reserve is a public park in Melbourne, Melbourne.",0.0,0.0,0.0,0.0,0.0,0.0,0.30381,0.061,No matched task features in this park yet.
116,State Library Forecourt,0.3392,-37.8100269659297,144.96441944903114,POINT(144.96441944903114 -37.8100269659297),"State Library Forecourt is a public park in Melbourne, Melbourne.",0.0,0.0,1.0,1.0,0.333,0.1,0.03392,0.157,This park contains 1 urban discovery features.
117,Station Street Park,0.2549,-37.79722713348544,144.97385265693237,POINT(144.97385265693237 -37.79722713348544),"Station Street Park is a public park in Melbourne, Melbourne.",0.0,0.0,0.0,0.0,0.0,0.0,0.025490000000000002,0.005,No matched task features in this park yet.
118,Stock Route Reserve,0.6937,-37.789131105921456,144.92573749696132,POINT(144.92573749696132 -37.789131105921456),"Stock Route Reserve is a public park in Melbourne, Melbourne.",0.0,0.0,0.0,0.0,0.0,0.0,0.06937,0.014,No matched task features in this park yet.
119,Sturt Street Reserve,0.4807,-37.82980295651621,144.9648535607704,POINT(144.9648535607704 -37.829802956516204),"Sturt Street Reserve is a public park in Melbourne, Melbourne.",2.0,0.0,0.0,2.0,0.333,0.2,0.04807,0.21,This park contains 2 nature features.
120,The Avenue Reserve (North),0.1916,-37.77872054002039,144.95959593741756,POINT(144.95959593741756 -37.77872054002039),"The Avenue Reserve (North) is a public park in Melbourne, Melbourne.",0.0,0.0,0.0,0.0,0.0,0.0,0.01916,0.004,No matched task features in this park yet.
121,The Avenue Reserve (South),0.3027,-37.77976835544873,144.9590798702465,POINT(144.9590798702465 -37.77976835544873),"The Avenue Reserve (South) is a public park in Melbourne, Melbourne.",0.0,0.0,0.0,0.0,0.0,0.0,0.030270000000000002,0.006,No matched task features in this park yet.
122,The Kings Domain Reserve,16.5913,-37.82505100509447,144.97382741822966,POINT(144.97382741822966 -37.82505100509447),"The Kings Domain Reserve is a public park in Melbourne, Melbourne.",2.0,9.0,0.0,11.0,0.667,1.0,1.0,0.9,"This park contains 2 nature features, 9 art features."
123,The Kings Domain and Tan,5.0543,-37.82438725217185,144.9757616770565,POINT(144.9757616770565 -37.82438725217185),"The Kings Domain and Tan is a public park in Melbourne, Melbourne.",2.0,0.0,0.0,2.0,0.333,0.2,0.5054299999999999,0.301,This park contains 2 nature features.
124,Treasury Gardens,5.7667,-37.81410988099709,144.97615228376898,POINT(144.97615228376898 -37.814109880997094),"Treasury Gardens is a public park in Melbourne, Melbourne.",10.0,4.0,0.0,14.0,0.667,1.0,0.57667,0.815,"This park contains 10 nature features, 4 art features."
125,University Square,1.5925,-37.80101458518988,144.96029265988176,POINT(144.96029265988176 -37.801014585189876),"University Square is a public park in Melbourne, Melbourne.",2.0,1.0,0.0,3.0,0.667,0.3,0.15925,0.382,"This park contains 2 nature features, 1 art features."
126,Victoria Green,0.4377,-37.82039287926157,144.94502729363222,POINT(144.94502729363222 -37.82039287926157),"Victoria Green is a public park in Melbourne, Melbourne.",6.0,0.0,0.0,6.0,0.333,0.6,0.043769999999999996,0.409,This park contains 6 nature features.
127,Victoria Market Reserve,0.1915,-37.80923362878805,144.9578929038599,POINT(144.9578929038599 -37.80923362878805),"Victoria Market Reserve is a public park in Melbourne, Melbourne.",0.0,1.0,0.0,1.0,0.333,0.1,0.01915,0.154,This park contains 1 art features.
128,Warun Biik Park,0.7456,-37.796612048151935,144.92629866224635,POINT(144.92629866224635 -37.796612048151935),"Warun Biik Park is a public park in Melbourne, Melbourne.",7.0,0.0,0.0,7.0,0.333,0.7,0.07456,0.465,This park contains 7 nature features.
129,Weedon Reserve,0.5979,-37.81712630925763,144.98896792832662,POINT(144.98896792832662 -37.81712630925763),"Weedon Reserve is a public park in Melbourne, Melbourne.",0.0,1.0,0.0,1.0,0.333,0.1,0.059789999999999996,0.162,This park contains 1 art features.
130,Wellington Crescent,0.0891,-37.81740023117743,144.97787797686678,POINT(144.97787797686678 -37.81740023117743),"Wellington Crescent is a public park in Melbourne, Melbourne.",0.0,0.0,0.0,0.0,0.0,0.0,0.00891,0.002,No matched task features in this park yet.
131,Wellington Park,0.8809,-37.81598886259604,144.9771846319383,POINT(144.9771846319383 -37.815988862596036),"Wellington Park is a public park in Melbourne, Melbourne.",0.0,0.0,0.0,0.0,0.0,0.0,0.08809,0.018,No matched task features in this park yet.
132,West Gate Park,0.7971,-37.82939818218406,144.90927535371316,POINT(144.90927535371316 -37.82939818218406),"West Gate Park is a public park in Melbourne, Melbourne.",0.0,0.0,0.0,0.0,0.0,0.0,0.07971,0.016,No matched task features in this park yet.
133,Westbourne Road Reserve,1.7133999999999998,-37.79282934542849,144.92097795020763,POINT(144.92097795020763 -37.79282934542849),"Westbourne Road Reserve is a public park in Melbourne, Melbourne.",1.0,0.0,0.0,1.0,0.333,0.1,0.17134,0.184,This park contains 1 nature features.
134,Westgate Park,32.4565,-37.831991510573474,144.90711286400094,POINT(144.90711286400094 -37.831991510573474),"Westgate Park is a public park in Melbourne, Melbourne.",1.0,0.0,0.0,1.0,0.333,0.1,1.0,0.35,This park contains 1 nature features.
135,Womens Peace Gardens,0.6596,-37.79114646195153,144.9239679160037,POINT(144.9239679160037 -37.79114646195153),"Womens Peace Gardens is a public park in Melbourne, Melbourne.",1.0,0.0,0.0,1.0,0.333,0.1,0.06595999999999999,0.163,This park contains 1 nature features.
136,Yarra Park,27.745,-37.8195889115286,144.9854311196705,POINT(144.9854311196705 -37.8195889115286),"Yarra Park is a public park in Melbourne, Melbourne.",1.0,1.0,0.0,2.0,0.667,0.2,1.0,0.5,"This park contains 1 nature features, 1 art features."
137,Yarra River Frontage,0.1729,-37.82452927502808,144.95391692042242,POINT(144.95391692042242 -37.824529275028084),"Yarra River Frontage is a public park in Melbourne, Melbourne.",0.0,0.0,0.0,0.0,0.0,0.0,0.01729,0.003,No matched task features in this park yet.
